{
  "label_mean": 11.481276512145996,
  "label_std": 2.2292540073394775,
  "age_mean": 147.30821228027344,
  "age_std": 12.357416152954102,
  "weight_mean": 104.85277557373047,
  "weight_std": 13.765355110168457,
  "rgb_mean": [
    0.08579693421327923,
    0.08425801610325508,
    0.09290509457995771
  ],
  "rgb_std": [
    0.2453199716774891,
    0.24026124533510324,
    0.2636633462707555
  ]
}