{
  "mean": [
    0.08579693421327923,
    0.08425801610325508,
    0.09290509457995771
  ],
  "std": [
    0.2453199716774891,
    0.24026124533510324,
    0.2636633462707555
  ]
}